{"[VALIDATION] Mean Episode Reward (4 Episodes)": -399.5986415273626, "[TRAIN] Episode Reward": -307.22546880133035, "[TRAIN] Policy Loss": -0.35477685928344727, "[TRAIN] avg_mu_v": 0.9959457516670227, "[TRAIN] avg_std_v": 2.0, "[TRAIN] avg_action": 0.3203203082084656, "Training Episode": 8559, "Training Steps": 8559, "_timestamp": 1717128792.4070737, "_runtime": 1229.6165096759796, "_step": 8558, "_wandb": {"runtime": 1229}}