{"[VALIDATION] Mean Episode Reward (3 Episodes)": -348.98210933910576, "[TRAIN] Episode Reward": -224.16910953212047, "[TRAIN] Policy Loss": -4.208061695098877, "[TRAIN] avg_mu_v": 0.5891631841659546, "[TRAIN] avg_std_v": 2.5226545333862305, "[TRAIN] avg_action": 0.15030060708522797, "Training Episode": 715, "Training Steps": 715, "_timestamp": 1717126270.6648996, "_runtime": 134.0465714931488, "_step": 714, "_wandb": {"runtime": 133}}