{"acc": 0.7338798310457217, "loss": 0.22217120441874802, "_timestamp": 1717121457.6356945, "_runtime": 1.620450496673584, "_step": 7, "_wandb": {"runtime": 0}}