{"[VALIDATION] Mean Episode Reward (4 Episodes)": 74.54490063440849, "[TRAIN] Episode Reward": 6.566066469261074, "[TRAIN] Policy Loss": -7.3251261711120605, "[TRAIN] avg_mu_v": 0.15644873678684235, "[TRAIN] avg_std_v": 2.0, "[TRAIN] avg_action": -0.022364217787981033, "Training Episode": 18984, "Training Steps": 18984, "_timestamp": 1717133955.1579783, "_runtime": 1745.6532573699951, "_step": 18983, "_wandb": {"runtime": 1745}}