{"[VALIDATION] Mean Episode Reward (5 Episodes)": -204.97818645021144, "[TRAIN] Episode Reward": -302.63117353138773, "[TRAIN] Policy Loss": 2.1762619018554688, "[TRAIN] avg_mu_v": -0.2890278995037079, "[TRAIN] avg_std_v": 2.0, "[TRAIN] avg_action": -0.12312312424182892, "Training Episode": 4234, "Training Steps": 4234, "_timestamp": 1717138498.6590059, "_runtime": 773.9078948497772, "_step": 4233, "_wandb": {"runtime": 773}}