{"[VALIDATION] Mean Episode Reward (5 Episodes)": -307.9414512233305, "[TRAIN] Episode Reward": -323.5816546851932, "[TRAIN] Policy Loss": -3.8455543518066406, "[TRAIN] avg_mu_v": 0.7187749147415161, "[TRAIN] avg_std_v": 2.612846851348877, "[TRAIN] avg_action": 0.21721722185611725, "Training Episode": 4317, "Training Steps": 4317, "_timestamp": 1717136950.901299, "_runtime": 798.3193919658661, "_step": 4316, "_wandb": {"runtime": 797}}