{"[VALIDATION] Mean Episode Reward (5 Episodes)": 85.53908875564625, "[TRAIN] Episode Reward": -291.9339183160162, "[TRAIN] Policy Loss": -26.20886993408203, "[TRAIN] avg_mu_v": 0.0477081760764122, "[TRAIN] avg_std_v": 2.0, "[TRAIN] avg_action": 0.015015015378594398, "Training Episode": 18550, "Training Steps": 18550, "_timestamp": 1717144403.9980235, "_runtime": 1912.0077636241913, "_step": 18549, "_wandb": {"runtime": 1911}}