{"[VALIDATION] Mean Episode Reward (5 Episodes)": -1500, "[TRAIN] Episode Reward": -323.5515234181702, "[TRAIN] Policy Loss": -10.870295524597168, "[TRAIN] avg_mu_v": 0.12866486608982086, "[TRAIN] avg_std_v": 2.718173027038574, "[TRAIN] avg_action": 0.03703703731298447, "Training Episode": 5, "Training Steps": 5, "_timestamp": 1717135389.3183284, "_runtime": 2.2965164184570312, "_step": 4, "_wandb": {"runtime": 1}}