{"[VALIDATION] Mean Episode Reward (5 Episodes)": -3.635969492236973, "[TRAIN] Episode Reward": -295.1796652373503, "[TRAIN] Policy Loss": -2.2537431716918945, "[TRAIN] avg_mu_v": -0.32184961438179016, "[TRAIN] avg_std_v": 2.0, "[TRAIN] avg_action": -0.1601601541042328, "Training Episode": 1160, "Training Steps": 1160, "_timestamp": 1717137211.0158153, "_runtime": 240.7854082584381, "_step": 1159, "_wandb": {"runtime": 240}}