{"[VALIDATION] Mean Episode Reward (4 Episodes)": -347.90872847259953, "[TRAIN] Episode Reward": -319.7819477511119, "[TRAIN] Policy Loss": -3.878870964050293, "[TRAIN] avg_mu_v": 0.7975609302520752, "[TRAIN] avg_std_v": 2.411241292953491, "[TRAIN] avg_action": 0.231231227517128, "Training Episode": 290, "Training Steps": 290, "_timestamp": 1717131762.667079, "_runtime": 52.76041293144226, "_step": 289, "_wandb": {"runtime": 52}}