{"[VALIDATION] Mean Episode Reward (5 Episodes)": -328.9118043004139, "[TRAIN] Episode Reward": -10.55661400014425, "[TRAIN] Policy Loss": 1.6008729934692383, "[TRAIN] avg_mu_v": 0.7691784501075745, "[TRAIN] avg_std_v": 2.0, "[TRAIN] avg_action": 0.2245989292860031, "Training Episode": 2415, "Training Steps": 2415, "_timestamp": 1717134390.3388762, "_runtime": 401.1221573352814, "_step": 2414, "_wandb": {"runtime": 400}}