{"[VALIDATION] Mean Episode Reward (3 Episodes)": 212.35552901895008, "[TRAIN] Episode Reward": 111.92622178801406, "[TRAIN] Loss": 5.155688285827637, "[TRAIN] Epsilon": 0.23977777777777776, "[TRAIN] Replay buffer": 273984, "Training Episode": 850, "Training Steps": 273952, "_timestamp": 1717124783.2944903, "_runtime": 1035.9881932735443, "_step": 849, "_wandb": {"runtime": 1035}}