{"[VALIDATION] Mean Episode Reward (5 Episodes)": -1500, "[TRAIN] Episode Reward": -318.8835960079423, "[TRAIN] Policy Loss": -1.4638175964355469, "[TRAIN] avg_mu_v": 0.3663899004459381, "[TRAIN] avg_std_v": 2.6999289989471436, "[TRAIN] avg_action": 0.10810811072587967, "Training Episode": 18, "Training Steps": 18, "_timestamp": 1717137474.5735452, "_runtime": 4.577231168746948, "_step": 17, "_wandb": {"runtime": 4}}