{"[VALIDATION] Mean Episode Reward (4 Episodes)": -198.77246570924365, "[TRAIN] Episode Reward": -304.6316432556849, "[TRAIN] Policy Loss": 0.14122486114501953, "[TRAIN] avg_mu_v": -0.9595251083374023, "[TRAIN] avg_std_v": 2.0565829277038574, "[TRAIN] avg_action": -0.3333333432674408, "Training Episode": 1036, "Training Steps": 1036, "_timestamp": 1717132182.8177896, "_runtime": 205.40858554840088, "_step": 1035, "_wandb": {"runtime": 204}}