{"[VALIDATION] Mean Episode Reward (5 Episodes)": -170.65468877808226, "[TRAIN] Episode Reward": -310.6060932149601, "[TRAIN] Policy Loss": -3.372709274291992, "[TRAIN] avg_mu_v": -0.9263400435447693, "[TRAIN] avg_std_v": 2.1321818828582764, "[TRAIN] avg_action": -0.2832832932472229, "Training Episode": 941, "Training Steps": 941, "_timestamp": 1717137694.7270367, "_runtime": 204.06618571281433, "_step": 940, "_wandb": {"runtime": 203}}