{"[VALIDATION] Mean Episode Reward (5 Episodes)": -2.4420166504274894, "[TRAIN] Episode Reward": -295.52689563772566, "[TRAIN] Policy Loss": -18.54332733154297, "[TRAIN] avg_mu_v": 0.2609475255012512, "[TRAIN] avg_std_v": 2.0, "[TRAIN] avg_action": 0.09609609842300415, "Training Episode": 7746, "Training Steps": 7746, "_timestamp": 1717135372.8735847, "_runtime": 955.8791017532349, "_step": 7745, "_wandb": {"runtime": 955}}