{"[VALIDATION] Mean Episode Reward (5 Episodes)": 31.684419873972654, "[TRAIN] Episode Reward": -73.73437900294607, "[TRAIN] Policy Loss": -4.425523281097412, "[TRAIN] avg_mu_v": 0.06529233604669571, "[TRAIN] avg_std_v": 2.0, "[TRAIN] avg_action": 0.0357142873108387, "Training Episode": 10769, "Training Steps": 10769, "_timestamp": 1717142474.2995408, "_runtime": 2027.63658285141, "_step": 10768, "_wandb": {"runtime": 2027}}