{"[VALIDATION] Mean Episode Reward (5 Episodes)": -26.312719805484534, "[TRAIN] Episode Reward": -301.89387203960223, "[TRAIN] Policy Loss": -11.165485382080078, "[TRAIN] avg_mu_v": 0.5278986096382141, "[TRAIN] avg_std_v": 2.0, "[TRAIN] avg_action": 0.18018017709255219, "Training Episode": 1193, "Training Steps": 1193, "_timestamp": 1717137463.8139348, "_runtime": 224.6450068950653, "_step": 1192, "_wandb": {"runtime": 224}}