{"[VALIDATION] Mean Episode Reward (5 Episodes)": -301.7623549966229, "[TRAIN] Episode Reward": -307.3862747216118, "[TRAIN] Policy Loss": 5.063611030578613, "[TRAIN] avg_mu_v": 0.996944785118103, "[TRAIN] avg_std_v": 2.0, "[TRAIN] avg_action": 0.315315306186676, "Training Episode": 14349, "Training Steps": 14349, "_timestamp": 1717140256.8172474, "_runtime": 1746.8589794635773, "_step": 14348, "_wandb": {"runtime": 1746}}