{"[VALIDATION] Mean Episode Reward (4 Episodes)": -268.56577277587337, "[TRAIN] Episode Reward": -305.0079262367376, "[TRAIN] Policy Loss": -1.7167420387268066, "[TRAIN] avg_mu_v": 0.9804635047912598, "[TRAIN] avg_std_v": 2.0, "[TRAIN] avg_action": 0.2942942976951599, "Training Episode": 15521, "Training Steps": 15521, "_timestamp": 1717131318.2990694, "_runtime": 2519.9834413528442, "_step": 15520, "_wandb": {"runtime": 2519}}