{"[VALIDATION] Mean Episode Reward (3 Episodes)": -399.59997879663985, "[TRAIN] Episode Reward": -310.413400703464, "[TRAIN] Policy Loss": -1.0918312072753906, "[TRAIN] avg_mu_v": 0.9999209046363831, "[TRAIN] avg_std_v": 2.0, "[TRAIN] avg_action": 0.3103103041648865, "Training Episode": 1843, "Training Steps": 1843, "_timestamp": 1717125765.49987, "_runtime": 349.1703281402588, "_step": 1842, "_wandb": {"runtime": 348}}