{"[VALIDATION] Mean Episode Reward (4 Episodes)": -369.3777777863503, "[TRAIN] Episode Reward": -92.61314459172573, "[TRAIN] Policy Loss": 0.6638808250427246, "[TRAIN] avg_mu_v": 0.7531861066818237, "[TRAIN] avg_std_v": 2.476214647293091, "[TRAIN] avg_action": 0.2545756995677948, "Training Episode": 187, "Training Steps": 187, "_timestamp": 1717131812.65759, "_runtime": 35.1124529838562, "_step": 186, "_wandb": {"runtime": 34}}