{"[VALIDATION] Mean Episode Reward (3 Episodes)": -82.48402024423781, "[TRAIN] Episode Reward": -203.8412618809921, "[TRAIN] Policy Loss": -4.414734840393066, "[TRAIN] avg_mu_v": 0.594955325126648, "[TRAIN] avg_std_v": 2.0, "[TRAIN] avg_action": 0.17171716690063477, "Training Episode": 619, "Training Steps": 619, "_timestamp": 1717126101.120527, "_runtime": 113.42055797576904, "_step": 618, "_wandb": {"runtime": 113}}