{"[VALIDATION] Mean Episode Reward (4 Episodes)": -224.3033646130753, "[TRAIN] Episode Reward": -299.8760105205727, "[TRAIN] Policy Loss": 5.602194786071777, "[TRAIN] avg_mu_v": -0.6289329528808594, "[TRAIN] avg_std_v": 2.0, "[TRAIN] avg_action": -0.19519519805908203, "Training Episode": 1707, "Training Steps": 1707, "_timestamp": 1717131694.5665164, "_runtime": 335.7188184261322, "_step": 1706, "_wandb": {"runtime": 335}}