{"[VALIDATION] Mean Episode Reward (3 Episodes)": -396.88351788778795, "[TRAIN] Episode Reward": -26.06345604683446, "[TRAIN] Policy Loss": -10.11064338684082, "[TRAIN] avg_mu_v": 0.8175522089004517, "[TRAIN] avg_std_v": 2.0, "[TRAIN] avg_action": 0.2751196026802063, "Training Episode": 9117, "Training Steps": 9117, "_timestamp": 1717127514.2271714, "_runtime": 1195.7404623031616, "_step": 9116, "_wandb": {"runtime": 1195}}