{"[VALIDATION] Mean Episode Reward (3 Episodes)": -303.58173631883164, "[TRAIN] Episode Reward": -116.26780583259885, "[TRAIN] Policy Loss": 0.2431182861328125, "[TRAIN] avg_mu_v": 0.5020784735679626, "[TRAIN] avg_std_v": 2.5180628299713135, "[TRAIN] avg_action": 0.17097701132297516, "Training Episode": 981, "Training Steps": 981, "_timestamp": 1717125965.462489, "_runtime": 178.05879092216492, "_step": 980, "_wandb": {"runtime": 177}}