{"[VALIDATION] Mean Episode Reward (5 Episodes)": -11.150737228610044, "[TRAIN] Episode Reward": -327.40231584078174, "[TRAIN] Policy Loss": -8.174779891967773, "[TRAIN] avg_mu_v": 0.15250784158706665, "[TRAIN] avg_std_v": 2.6932525634765625, "[TRAIN] avg_action": 0.057057056576013565, "Training Episode": 1018, "Training Steps": 1018, "_timestamp": 1717135596.0928044, "_runtime": 198.88905143737793, "_step": 1017, "_wandb": {"runtime": 198}}