{"[VALIDATION] Mean Episode Reward (5 Episodes)": -252.4724892254995, "[TRAIN] Episode Reward": -325.9925185870601, "[TRAIN] Policy Loss": -12.971206665039062, "[TRAIN] avg_mu_v": 0.5424550175666809, "[TRAIN] avg_std_v": 2.6491708755493164, "[TRAIN] avg_action": 0.1411411464214325, "Training Episode": 2880, "Training Steps": 2880, "_timestamp": 1717136135.7695177, "_runtime": 526.2768385410309, "_step": 2879, "_wandb": {"runtime": 525}}