{"[VALIDATION] Mean Episode Reward (4 Episodes)": -399.09628758787744, "[TRAIN] Episode Reward": -191.1644423046491, "[TRAIN] Policy Loss": -10.264324188232422, "[TRAIN] avg_mu_v": 0.8849563002586365, "[TRAIN] avg_std_v": 2.00992751121521, "[TRAIN] avg_action": 0.299045592546463, "Training Episode": 732, "Training Steps": 732, "_timestamp": 1717131957.4261603, "_runtime": 133.30224132537842, "_step": 731, "_wandb": {"runtime": 132}}